Workbook

Sheet README
A1: Torchlight Infinite - Trade Market Price Tracker
A3: How to use:
A4: 1. Go to the Listings sheet.
A5: 2. Click the last cell in the last row and press TAB - this extends
A6: the table into a new row. The Summary only sees rows INSIDE the table,
A7: so always add new data this way (or by dragging the handle at the
A8: bottom-right corner of the table down).
A9: 3. Fill Date, Item, Qty, Total Price. Per Unit auto-calculates.
A10: 4. Item names must match exactly for stats to aggregate.
A11: 5. The Summary sheet auto-updates - no manual refresh needed.
A13: Adding a NEW item not yet tracked:
A14: Add a row on Listings with the new item name, then add a row on Summary
... A36: name e.g. 'Flame Sand (x20)' vs 'Flame Sand (x60)' to track separately.

Sheet Listings
A1: Date | B1: Item | C1: Qty | D1: Total Price | E1: Per Unit | F1: Source | G1: Notes
A2: 46128 | B2: Flame Sand | C2: 20 | D2: 5 | E2: =D2/C2 -> 0.25
A3: 46128 | B3: Flame Sand | C3: 20 | D3: 4 | E3: =D3/C3 -> 0.2
A4: 46128 | B4: Flame Sand | C4: 20 | D4: 3 | E4: =D4/C4 -> 0.15
A5: 46128 | B5: Flame Sand | C5: 20 | D5: 5 | E5: =D5/C5 -> 0.25
A6: 46128 | B6: Flame Sand | C6: 20 | D6: 2 | E6: =D6/C6 -> 0.1
A7: 46128 | B7: Flame Sand | C7: 60 | D7: 13 | E7: =D7/C7 -> 0.21666667
A8: 46128 | B8: Flame Sand | C8: 60 | D8: 14 | E8: =D8/C8 -> 0.23333333
A9: 46128 | B9: Flame Sand | C9: 60 | D9: 9 | E9: =D9/C9 -> 0.15
A10: 46128 | B10: Flame Sand | C10: 60 | D10: 9 | E10: =D10/C10 -> 0.15
A11: 46128 | B11: Netherrealm Resonance | C11: 100 | D11: 733 | E11: =D11/C11 -> 7.33
A12: 46128 | B12: Netherrealm Resonance | C12: 10 | D12: 59 | E12: =D12/C12 -> 5.9
A13: 46128 | B13: Netherrealm Resonance | C13: 20 | D13: 175 | E13: =D13/C13 -> 8.75
... A73: 46128 | B73: Transcendence Wedge (rare) | C73: 20 | D73: 142 | E73: =D73/C73 -> 7.1

Sheet Summary
A1: Item | B1: # Listings | C1: Min / unit | D1: Avg / unit | E1: Median / unit | F1: Max / unit | G1: Std Dev | H1: Total Qty | I1: Total Spend | J1: Weighted Avg | K1: Last Seen
A2: Flame Sand | B2: =COUNTIF(Listings!$B$2:$B$10000,$A2) -> 16 | C2: {=IFERROR(MIN(IF(Listings!$B$2:$B$10000=$A2,Listings!$E$2:$E$10000)),"")} -> 0.1 | D2: =IFERROR(AVERAGEIFS(Listings!$E$2:$E$10000,Listings!$B$2:$B$10000,$A2),"") -> 0.18020833 | E2: {=IFERROR(MEDIAN(IF(Listings!$B$2:$B$10000=$A2,Listings!$E$2:$E$10000)),"")} -> 0.175 | F2: {=IFERROR(MAX(IF(Listings!$B$2:$B$10000=$A2,Listings!$E$2:$E$10000)),"")} -> 0.25 | G2: {=IFERROR(STDEV(IF(Listings!$B$2:$B$10000=$A2,Listings!$E$2:$E$10000)),"")} -> 0.050997004 | H2: =SUMIFS(Listings!$C$2:$C$10000,Listings!$B$2:$B$10000,$A2) -> 600 | I2: =SUMIFS(Listings!$D$2:$D$10000,Listings!$B$2:$B$10000,$A2) -> 105 | J2: =IFERROR(I2/H2,"") -> 0.175 | K2: {=IFERROR(MAX(IF(Listings!$B$2:$B$10000=$A2,Listings!$A$2:$A$10000)),"")} -> 46128
A3: Netherrealm Essence | B3: =COUNTIF(Listings!$B$2:$B$10000,$A3) -> 0 | C3: {=IFERROR(MIN(IF(Listings!$B$2:$B$10000=$A3,Listings!$E$2:$E$10000)),"")} -> 0 | D3: =IFERROR(AVERAGEIFS(Listings!$E$2:$E$10000,Listings!$B$2:$B$10000,$A3),"") | E3: {=IFERROR(MEDIAN(IF(Listings!$B$2:$B$10000=$A3,Listings!$E$2:$E$10000)),"")} | F3: {=IFERROR(MAX(IF(Listings!$B$2:$B$10000=$A3,Listings!$E$2:$E$10000)),"")} -> 0 | G3: {=IFERROR(STDEV(IF(Listings!$B$2:$B$10000=$A3,Listings!$E$2:$E$10000)),"")} | H3: =SUMIFS(Listings!$C$2:$C$10000,Listings!$B$2:$B$10000,$A3) -> 0 | I3: =SUMIFS(Listings!$D$2:$D$10000,Listings!$B$2:$B$10000,$A3) -> 0 | J3: =IFERROR(I3/H3,"") | K3: {=IFERROR(MAX(IF(Listings!$B$2:$B$10000=$A3,Listings!$A$2:$A$10000)),"")} -> 0
A4: Netherrealm Resonance | B4: =COUNTIF(Listings!$B$2:$B$10000,$A4) -> 21 | C4: {=IFERROR(MIN(IF(Listings!$B$2:$B$10000=$A4,Listings!$E$2:$E$10000)),"")} -> 3.3 | D4: =IFERROR(AVERAGEIFS(Listings!$E$2:$E$10000,Listings!$B$2:$B$10000,$A4),"") -> 6.0161905 | E4: {=IFERROR(MEDIAN(IF(Listings!$B$2:$B$10000=$A4,Listings!$E$2:$E$10000)),"")} -> 5.5 | F4: {=IFERROR(MAX(IF(Listings!$B$2:$B$10000=$A4,Listings!$E$2:$E$10000)),"")} -> 8.9 | G4: {=IFERROR(STDEV(IF(Listings!$B$2:$B$10000=$A4,Listings!$E$2:$E$10000)),"")} -> 1.9681526 | H4: =SUMIFS(Listings!$C$2:$C$10000,Listings!$B$2:$B$10000,$A4) -> 480 | I4: =SUMIFS(Listings!$D$2:$D$10000,Listings!$B$2:$B$10000,$A4) -> 3211 | J4: =IFERROR(I4/H4,"") -> 6.6895833 | K4: {=IFERROR(MAX(IF(Listings!$B$2:$B$10000=$A4,Listings!$A$2:$A$10000)),"")} -> 46128
A5: Flame Elementium | B5: =COUNTIF(Listings!$B$2:$B$10000,$A5) -> 12 | C5: {=IFERROR(MIN(IF(Listings!$B$2:$B$10000=$A5,Listings!$E$2:$E$10000)),"")} -> 20 | D5: =IFERROR(AVERAGEIFS(Listings!$E$2:$E$10000,Listings!$B$2:$B$10000,$A5),"") -> 39.266667 | E5: {=IFERROR(MEDIAN(IF(Listings!$B$2:$B$10000=$A5,Listings!$E$2:$E$10000)),"")} -> 41.3 | F5: {=IFERROR(MAX(IF(Listings!$B$2:$B$10000=$A5,Listings!$E$2:$E$10000)),"")} -> 58 | G5: {=IFERROR(STDEV(IF(Listings!$B$2:$B$10000=$A5,Listings!$E$2:$E$10000)),"")} -> 11.790083 | H5: =SUMIFS(Listings!$C$2:$C$10000,Listings!$B$2:$B$10000,$A5) -> 29 | I5: =SUMIFS(Listings!$D$2:$D$10000,Listings!$B$2:$B$10000,$A5) -> 1193 | J5: =IFERROR(I5/H5,"") -> 41.137931 | K5: {=IFERROR(MAX(IF(Listings!$B$2:$B$10000=$A5,Listings!$A$2:$A$10000)),"")} -> 46128
A6: Energy Cores | B6: =COUNTIF(Listings!$B$2:$B$10000,$A6) -> 10 | C6: {=IFERROR(MIN(IF(Listings!$B$2:$B$10000=$A6,Listings!$E$2:$E$10000)),"")} -> 3.6 | D6: =IFERROR(AVERAGEIFS(Listings!$E$2:$E$10000,Listings!$B$2:$B$10000,$A6),"") -> 6.04 | E6: {=IFERROR(MEDIAN(IF(Listings!$B$2:$B$10000=$A6,Listings!$E$2:$E$10000)),"")} -> 5.95 | F6: {=IFERROR(MAX(IF(Listings!$B$2:$B$10000=$A6,Listings!$E$2:$E$10000)),"")} -> 8.4 | G6: {=IFERROR(STDEV(IF(Listings!$B$2:$B$10000=$A6,Listings!$E$2:$E$10000)),"")} -> 1.7178475 | H6: =SUMIFS(Listings!$C$2:$C$10000,Listings!$B$2:$B$10000,$A6) -> 140 | I6: =SUMIFS(Listings!$D$2:$D$10000,Listings!$B$2:$B$10000,$A6) -> 873 | J6: =IFERROR(I6/H6,"") -> 6.2357143 | K6: {=IFERROR(MAX(IF(Listings!$B$2:$B$10000=$A6,Listings!$A$2:$A$10000)),"")} -> 46128
A7: Transcendence Wedge (magic) | B7: =COUNTIF(Listings!$B$2:$B$10000,$A7) -> 7 | C7: {=IFERROR(MIN(IF(Listings!$B$2:$B$10000=$A7,Listings!$E$2:$E$10000)),"")} -> 0.35 | D7: =IFERROR(AVERAGEIFS(Listings!$E$2:$E$10000,Listings!$B$2:$B$10000,$A7),"") -> 0.67142857 | E7: {=IFERROR(MEDIAN(IF(Listings!$B$2:$B$10000=$A7,Listings!$E$2:$E$10000)),"")} -> 0.7 | F7: {=IFERROR(MAX(IF(Listings!$B$2:$B$10000=$A7,Listings!$E$2:$E$10000)),"")} -> 1 | G7: {=IFERROR(STDEV(IF(Listings!$B$2:$B$10000=$A7,Listings!$E$2:$E$10000)),"")} -> 0.27364384 | H7: =SUMIFS(Listings!$C$2:$C$10000,Listings!$B$2:$B$10000,$A7) -> 140 | I7: =SUMIFS(Listings!$D$2:$D$10000,Listings!$B$2:$B$10000,$A7) -> 94 | J7: =IFERROR(I7/H7,"") -> 0.67142857 | K7: {=IFERROR(MAX(IF(Listings!$B$2:$B$10000=$A7,Listings!$A$2:$A$10000)),"")} -> 46128
A8: Transcendence Wedge (rare) | B8: =COUNTIF(Listings!$B$2:$B$10000,$A8) -> 4 | C8: {=IFERROR(MIN(IF(Listings!$B$2:$B$10000=$A8,Listings!$E$2:$E$10000)),"")} -> 3.95 | D8: =IFERROR(AVERAGEIFS(Listings!$E$2:$E$10000,Listings!$B$2:$B$10000,$A8),"") -> 5.9 | E8: {=IFERROR(MEDIAN(IF(Listings!$B$2:$B$10000=$A8,Listings!$E$2:$E$10000)),"")} -> 5.625 | F8: {=IFERROR(MAX(IF(Listings!$B$2:$B$10000=$A8,Listings!$E$2:$E$10000)),"")} -> 8.4 | G8: {=IFERROR(STDEV(IF(Listings!$B$2:$B$10000=$A8,Listings!$E$2:$E$10000)),"")} -> 2.2026499 | H8: =SUMIFS(Listings!$C$2:$C$10000,Listings!$B$2:$B$10000,$A8) -> 80 | I8: =SUMIFS(Listings!$D$2:$D$10000,Listings!$B$2:$B$10000,$A8) -> 472 | J8: =IFERROR(I8/H8,"") -> 5.9 | K8: {=IFERROR(MAX(IF(Listings!$B$2:$B$10000=$A8,Listings!$A$2:$A$10000)),"")} -> 46128
A9: Ultimate Ember | B9: =COUNTIF(Listings!$B$2:$B$10000,$A9) -> 2 | C9: {=IFERROR(MIN(IF(Listings!$B$2:$B$10000=$A9,Listings!$E$2:$E$10000)),"")} -> 941 | D9: =IFERROR(AVERAGEIFS(Listings!$E$2:$E$10000,Listings!$B$2:$B$10000,$A9),"") -> 1082 | E9: {=IFERROR(MEDIAN(IF(Listings!$B$2:$B$10000=$A9,Listings!$E$2:$E$10000)),"")} -> 1082 | F9: {=IFERROR(MAX(IF(Listings!$B$2:$B$10000=$A9,Listings!$E$2:$E$10000)),"")} -> 1223 | G9: {=IFERROR(STDEV(IF(Listings!$B$2:$B$10000=$A9,Listings!$E$2:$E$10000)),"")} -> 199.40411 | H9: =SUMIFS(Listings!$C$2:$C$10000,Listings!$B$2:$B$10000,$A9) -> 2 | I9: =SUMIFS(Listings!$D$2:$D$10000,Listings!$B$2:$B$10000,$A9) -> 2164 | J9: =IFERROR(I9/H9,"") -> 1082 | K9: {=IFERROR(MAX(IF(Listings!$B$2:$B$10000=$A9,Listings!$A$2:$A$10000)),"")} -> 46128
